experiment,n,kappa,method,parameters,anchor_weight,mse,normalized_mse,range_normalized_rmse,max_error,regret,chosen_index,chosen_reward,optimal_reward,success,reward_range,reward_variance,seconds
scaling,4,1.5,additive,5,1,0.04296875,0.9166666666666666,0.2551249838734923,0.6875,0.25,0,0.0,0.25,0,0.8125,0.046875,8.079200051724911e-05
scaling,4,1.5,chain,8,1,0.03125,0.6666666666666666,0.21757131728816848,0.5,0.25,0,0.0,0.25,0,0.8125,0.046875,5.1583003369159997e-05
scaling,4,1.5,ring,9,1,0.02734375,0.5833333333333334,0.20351933162035313,0.4375,0.25,0,0.0,0.25,0,0.8125,0.046875,3.483401087578386e-05
scaling,4,1.5,star,8,1,0.03125,0.6666666666666666,0.21757131728816848,0.5,0.25,0,0.0,0.25,0,0.8125,0.046875,2.5208995793946087e-05
scaling,4,1.5,complete,11,1,0.01953125,0.4166666666666667,0.17200522903844537,0.3125,0.25,0,0.0,0.25,0,0.8125,0.046875,2.8541995561681688e-05
scaling,4,1.5,oracle_anchor,5,2.0,0.04832766439909297,1.0309901738473168,0.27056681776731706,0.5238095238095238,0.0,15,0.25,0.25,1,0.8125,0.046875,2.3999993572942913e-05
scaling,4,1.5,oracle_anchor,5,16.0,0.10718059413114359,2.2865193414643965,0.40293473782266215,0.5274725274725275,0.0,15,0.25,0.25,1,0.8125,0.046875,1.7624988686293364e-05
scaling,8,1.5,additive,9,1,0.0037689208984375,0.9919678714859438,0.06211950057510558,0.96484375,0.90625,0,0.0,0.90625,0,0.98828125,0.0037994384765625,3.512500552460551e-05
scaling,8,1.5,chain,16,1,0.003662109375,0.963855421686747,0.06123293827995916,0.9375,0.90625,0,0.0,0.90625,0,0.98828125,0.0037994384765625,3.954098792746663e-05
scaling,8,1.5,ring,17,1,0.0036468505859375,0.9598393574297188,0.06110523649699726,0.93359375,0.90625,0,0.0,0.90625,0,0.98828125,0.0037994384765625,4.5083012082614005e-05
scaling,8,1.5,star,16,1,0.003662109375,0.963855421686747,0.06123293827995916,0.9375,0.90625,0,0.0,0.90625,0,0.98828125,0.0037994384765625,3.616700996644795e-05
scaling,8,1.5,complete,37,1,0.0033416748046875,0.8795180722891566,0.05849268216185274,0.85546875,0.90625,0,0.0,0.90625,0,0.98828125,0.0037994384765625,5.4750009439885616e-05
scaling,8,1.5,oracle_anchor,9,2.0,0.0038882275720897113,1.0233690046765915,0.0630950489957415,0.9320754716981132,0.0,255,0.90625,0.90625,1,0.98828125,0.0037994384765625,2.200000744778663e-05
scaling,8,1.5,oracle_anchor,9,16.0,0.0160995572127995,4.237351732923807,0.1283885842886284,0.6317135549872122,0.0,255,0.90625,0.90625,1,0.98828125,0.0037994384765625,2.1500003640539944e-05
strength,8,0.5,additive,9,1,0.0037689208984375,0.9919678714859438,0.061632288805889064,0.96484375,0.0,255,0.96875,0.96875,1,0.99609375,0.0037994384765625,3.733299672603607e-05
strength,8,0.5,chain,16,1,0.003662109375,0.963855421686747,0.0607526799405085,0.9375,0.0,255,0.96875,0.96875,1,0.99609375,0.0037994384765625,3.541700425557792e-05
strength,8,0.5,ring,17,1,0.0036468505859375,0.9598393574297188,0.06062597974015806,0.93359375,0.0,255,0.96875,0.96875,1,0.99609375,0.0037994384765625,3.470800584182143e-05
strength,8,0.5,star,16,1,0.003662109375,0.963855421686747,0.0607526799405085,0.9375,0.0,255,0.96875,0.96875,1,0.99609375,0.0037994384765625,3.5250006476417184e-05
strength,8,0.5,complete,37,1,0.0033416748046875,0.8795180722891566,0.05803391602724997,0.85546875,0.0,255,0.96875,0.96875,1,0.99609375,0.0037994384765625,4.7833003918640316e-05
strength,8,1.0,additive,9,1,0.0037689208984375,1.0,0.06187493561221146,0.96484375,0.9375,0,0.0,0.9375,0,0.9921875,0.0037689208984375,2.754099841695279e-05
strength,8,1.0,chain,16,1,0.003662109375,0.97165991902834,0.06099186371980184,0.9375,0.9375,0,0.0,0.9375,0,0.9921875,0.0037689208984375,3.154099977109581e-05
strength,8,1.0,ring,17,1,0.0036468505859375,0.9676113360323887,0.06086466469976499,0.93359375,0.9375,0,0.0,0.9375,0,0.9921875,0.0037689208984375,3.966699296142906e-05
strength,8,1.0,star,16,1,0.003662109375,0.97165991902834,0.06099186371980184,0.9375,0.9375,0,0.0,0.9375,0,0.9921875,0.0037689208984375,3.12910124193877e-05
strength,8,1.0,complete,37,1,0.0033416748046875,0.8866396761133604,0.05826239601160922,0.85546875,0.9375,0,0.0,0.9375,0,0.9921875,0.0037689208984375,5.583401070907712e-05
strength,8,1.5,additive,9,1,0.0037689208984375,0.9919678714859438,0.06211950057510558,0.96484375,0.90625,0,0.0,0.90625,0,0.98828125,0.0037994384765625,2.6708003133535385e-05
strength,8,1.5,chain,16,1,0.003662109375,0.963855421686747,0.06123293827995916,0.9375,0.90625,0,0.0,0.90625,0,0.98828125,0.0037994384765625,3.14170029014349e-05
strength,8,1.5,ring,17,1,0.0036468505859375,0.9598393574297188,0.06110523649699726,0.93359375,0.90625,0,0.0,0.90625,0,0.98828125,0.0037994384765625,3.8874990423209965e-05
strength,8,1.5,star,16,1,0.003662109375,0.963855421686747,0.06123293827995916,0.9375,0.90625,0,0.0,0.90625,0,0.98828125,0.0037994384765625,3.258300421293825e-05
strength,8,1.5,complete,37,1,0.0033416748046875,0.8795180722891566,0.05849268216185274,0.85546875,0.90625,0,0.0,0.90625,0,0.98828125,0.0037994384765625,6.158399628475308e-05
